,AI_Adoption_Pct,AI_Maturity_Num,Decision_Time_Days,Decision_Accuracy_Pct,Data_Quality_Score,Revenue_Growth_Pct,Employee_Productivity_Index,Customer_Satisfaction_Index
AI_Adoption_Pct,1.0,0.7648835224624377,-0.44532247170919365,0.47662360382420677,0.24570919263544064,0.09762175755108606,0.5226598527431016,0.18967196007003967
AI_Maturity_Num,0.7648835224624377,1.0,-0.3440390121457641,0.36681426480865476,0.18883073503314576,0.06564682141834188,0.4029109038522966,0.12825714581781694
Decision_Time_Days,-0.44532247170919365,-0.3440390121457641,1.0,-0.6389564483339101,-0.7522442080607947,-0.06595119890612783,-0.6532257451375999,-0.25243355488925595
Decision_Accuracy_Pct,0.47662360382420677,0.36681426480865476,-0.6389564483339101,1.0,0.741040650833719,0.07560528432501139,0.653683134410643,0.36134768421432956
Data_Quality_Score,0.24570919263544064,0.18883073503314576,-0.7522442080607947,0.741040650833719,1.0,0.04974091103342909,0.7349376730651697,0.2948649209959101
Revenue_Growth_Pct,0.09762175755108606,0.06564682141834188,-0.06595119890612783,0.07560528432501139,0.04974091103342909,1.0,0.06764773371073195,0.03933634273375655
Employee_Productivity_Index,0.5226598527431016,0.4029109038522966,-0.6532257451375999,0.653683134410643,0.7349376730651697,0.06764773371073195,1.0,0.30131568503063955
Customer_Satisfaction_Index,0.18967196007003967,0.12825714581781694,-0.25243355488925595,0.36134768421432956,0.2948649209959101,0.03933634273375655,0.30131568503063955,1.0
