AI_Maturity_Level,Decision_Time_Days,Decision_Accuracy_Pct,Data_Quality_Score
High,7.6325,85.8875,7.295
Low,11.4388779956427,77.75671387073348,6.402066085693537
Medium,9.528572614107883,81.86768741355463,7.203344398340249
