,Year,Company_Size,Revenue_GBP,AI_Investment_GBP,AI_Adoption_Pct,AI_Tools_Used,Data_Quality_Score,Decision_Accuracy_Pct,Decision_Time_Days,Revenue_Growth_Pct,Employee_Productivity_Index,Customer_Satisfaction_Index,Scope1_Emissions_Tonnes,Scope2_Emissions_Tonnes,Revenue_per_Employee,AI_Invest_per_Employee,Revenue_Growth_Computed
count,10000.0,10000.0,10000.0,10000.0,10000.0,10000.0,10000.0,10000.0,10000.0,10000.0,10000.0,10000.0,10000.0,10000.0,10000.0,10000.0,9000.0
mean,2019.5,25323.89,13605207239.012247,217145.32960499998,45.654545999999996,3.7996,6.982819,80.74195700000001,10.051637,6.4962089999999995,76.77489100000001,68.997447,22322.189712,13467.767091,1997024.6633767895,36.086221532270706,9.071290735136358
std,2.8724249481071307,14775.390072653916,8796137149.680609,346887.416984236,8.920545758390949,1.282421264807334,1.8903698984786832,5.036568881963323,2.4957204555579193,2.99933463273822,8.707976548755536,4.337119421076421,31084.455159569003,19978.97027577727,10695057.127403438,268.1324465913305,23.23151658575735
min,2015.0,74.0,11034662.1,11140.25,14.54,0.0,1.0,62.01,1.99,-4.34,46.18,51.17,70.51,21.68,272.9055275263392,0.26129353817286266,-62.43660570409544
25%,2017.0,11878.0,6615198373.3925,47004.56,39.27,3.0,5.7,77.39,8.3,4.44,70.93,66.0475,3395.2675,1889.495,260523.614627651,2.013433159513744,-2.7142974911255364
50%,2019.5,25573.0,12920425820.29,105211.235,45.64,4.0,7.07,80.9,10.02,6.52,76.94,68.99,9229.404999999999,5262.99,514803.84168209037,5.226211703829242,6.465842479277228
75%,2022.0,38181.75,19171089723.38,251621.9725,52.0025,5.0,8.41,84.2625,11.75,8.53,82.8625,71.9525,24671.7225,14488.5725,1138934.2461838971,15.52543589653541,17.142463458604844
max,2024.0,49985.0,64048262879.01,4799306.26,74.54,9.0,10.0,96.09,20.7,20.26,111.36,88.29,173825.89,138688.54,522919490.33621615,7703.541348314607,194.16999928363828
