Industry,Decision_Time_Days,Decision_Accuracy_Pct,Data_Quality_Score
Finance,10.054541463414635,80.84981463414634,6.970326829268292
Healthcare,10.101952662721892,80.55034911242603,6.9349940828402366
Manufacturing,10.06296551724138,80.616125,6.942543103448276
Retail,9.969078602620087,80.93440611353712,7.076445414847162
Technology,10.095145454545456,80.71403636363637,6.974012121212121
